rouge1,rouge2,rougeL,rougeLsum
0.015698550748158797,0.0,0.01612675120715621,0.01574790083248153
